"","V1","V2"
"1",NA,NA
"2",NA,3.8305301077
"3",NA,1.8870540695
"4",NA,1.7380907972
"5",2.0608530232,1.88440557949999
"6",1.12080127059999,1.39265306039999
"7",0.458852113600003,0.929379098600002
"8",0.355805317700003,0.666103124900001
"9",0.346723346499996,0.482405685800003
"10",0.297035701399992,0.370525516099999
"11",0.426856509099999,0.717614396600002
"12",0.530358662400008,0.771823736999995
"13",0.569302555699991,0.828848471000004
"14",0.617330386700012,0.87227705079999
"15",0.573313726299993,0.585207611200012
"16",0.560396672900005,0.338577110699994
"17",0.404781493599994,0.314595188499997
"18",0.307153388400003,0.312157434299998
"19",0.216415403699997,0.227080809000004
"20",0.186922316099999,0.139498375900001
"21",0.264989793200012,0.109227231399998
"22",0.448914661899995,0.158318307300004
"23",0.631535666299992,0.1684109666
"24",0.698678469300003,0.131956762600002
"25",0.656726659999997,0.114260713700002
"26",0.583190306400006,0.144779997399993
"27",0.541351826300005,0.248519371300002
"28",0.52385658299999,0.308659361700006
"29",0.461938590900012,0.324679471599998
"30",0.401774950299998,0.340277178999994
"31",0.385140625199993,0.354108655700012
"32",0.341324053399999,0.351474479299997
"33",0.285793705700007,0.345781487300004
"34",0.23881993970001,0.338702674
"35",0.185347742399989,0.372264440399992
"36",0.146617476799991,0.346142281400006
"37",0.127884459600009,0.357126024999998
"38",0.119172937899993,0.370629054499997
"39",0.124887488400006,0.347677733900003
"40",0.117767652599998,0.322086136799999
"41",0.0883818489000028,0.296011605900004
"42",0.0109575216999911,0.275120358599992
"43",0.0933117375000005,0.248981344300002
"44",0.182310917700002,0.196170129499997
"45",0.264531517399998,0.149003045300004
"46",0.294510919199995,0.080091411899998
"47",0.310475888200004,0.113355726299993
"48",0.294761792400006,0.168817926000012
"49",0.896467308199993,0.280211772599996
"50",0.745334394599999,0.517864382400001
"51",0.532386761000001,0.583981499399989
"52",0.472106365600006,0.521794158800013
"53",0.344583665499997,0.691612291499995
"54",0.566314225599999,0.901731923
"55",0.5694497896,0.937716781899994
"56",0.477576001900005,0.915674961400011
"57",0.389781184,0.925235830599998
"58",0.347508101900001,0.861665287400001
"59",NA,0.540138998799996
"60",NA,0.323910120300003
"61",NA,0.41911082759999
"62",NA,0.227484828899996
"63",NA,0.114439491000006
"64",NA,0.115469454099998
"65",NA,0.0979566908000002
"66",NA,0.0967967179999896
"67",NA,0.0658290113000035
"68",NA,0.0763364202000005
"69",NA,0.175688354099993
"70",0.382381555599999,0.336467837600004
"71",0.3887362201,0.697735779700011
"72",0.335642523400004,1.07551786299999
"73",0.263661975999998,1.6180758879
"74",0.205605988699997,1.38027832539999
"75",0.174108209,0.865789559100005
"76",0.173278496400002,0.495356694200005
"77",0.0384337658999954,0.222390976699998
"78",0.0115586245999957,0.0467345090000038
"79",0.1983532227,0.266221908900004
"80",0.227737249100006,0.419950612299999
"81",0.244860074700004,0.515608860999997
"82",0.197357015699989,0.516708028900005
"83",0.2041104935,0.551175327400003
"84",0.1695799988,0.653881806800001
"85",0.233199438,0.691904233800003
"86",0.306336565300004,0.858045730200004
"87",0.296774883699999,0.767859832899994
"88",0.410120886399994,0.271450124999994
"89",0.469238199599999,0.444659117499999
"90",0.430631552399998,0.356676753300011
"91",0.459856246699996,0.276197359599994
"92",0.471483364800015,0.307317832900004
"93",0.460576866099998,0.381025198499991
"94",0.448746957699996,0.367322255800008
"95",0.426394252999994,0.346578312100007
"96",0.381307228000008,0.49549215399999
"97",0.334413409099991,0.578622398800006
"98",0.303439767899999,0.587357371799998
"99",0.362722983799999,0.646474578500008
"100",0.372702282900002,0.720369757899995
"101",0.344977959399996,0.8442697927
"102",0.309276281600004,0.969044107300002
"103",0.25447314479999,0.859095766899998
"104",0.211573020700007,0.801860280800001
"105",0.175456967100002,0.6424488815
"106",0.136159435099996,0.547578369200004
"107",0.0942859254999977,0.430759395899999
"108",0.0617214622000031,0.331455413699999
"109",0.0365646594000015,0.229585295799993
"110",0.0576881584000013,0.178013599700002
"111",0.1146008653,0.158743422900004
"112",0.1464717135,0.108350005199991
"113",0.185937877999992,0.100459948800001
"114",0.259367798000001,0.213166658599992
"115",0.233195889800005,0.499902654700007
"116",0.177110783400005,0.676117740500002
"117",0.23636148380001,0.614684816099992
"118",0.188974324000002,0.514848525600007
"119",0.78641876149999,0.55715960869999
"120",0.429814041800011,0.694998375199999
"121",0.287654477299993,0.613768416700001
"122",0.146762882000006,0.5167385559
"123",0.239818163699995,0.591229787500001
"124",0.262256262200003,0.513733878600009
"125",0.396681060100001,0.418185525899995
"126",0.332828030800002,0.591509517999992
"127",0.283693575599997,0.45346079230001
"128",0.230203127899998,0.543504593700003
"129",NA,0.794153680600001
"130",NA,0.635663963399999
"131",NA,0.251122960099991
"132",NA,0.373301058700001
"133",NA,0.409154525799998
"134",NA,0.318023620999998
"135",0.0379602663999918,0.1820631808
"136",0.0552636408999945,0.140851473600012
"137",0.217722010200003,0.136840983900001
"138",0.255050767999993,0.219736224100004
"139",0.2606561859,0.268667236199992
"140",0.249535832900012,0.747925648700001
"141",0.264075609399995,0.771541963200001
"142",0.252877129799991,0.595307723799998
"143",0.250615173099998,0.283165141599998
"144",0.18252673420001,0.243593573399995
"145",0.236967975299997,0.63822576019999
"146",0.138053098699999,0.377622318500006
"147",0.0446054180000139,0.0985591828999972
"148",0.0454912846999918,0.232258492900009
"149",0.0790322267000008,0.328799496899997
"150",0.0782988442999972,0.303061254599996
"151",0.03320701869999,0.169328110600002
"152",0.0477691006000143,0.224644703799999
"153",0.0923085958999934,0.266917289899993
"154",0.145286145100002,0.601762159299994
"155",0.314900879600003,0.35477495040001
"156",0.338916665999999,0.264411037899997
"157",0.367302360700005,0.038646804399999
"158",0.315608806299991,0.273662093099993
"159",0.296651415499998,0.359715980300006
"160",0.278368779000001,0.412290727999999
"161",0.237321213600001,0.515169966099997
"162",0.200849705600007,0.51756117490001
"163",0.163341285200001,0.560326162099997
"164",0.143144096699995,0.615120161100002
"165",0.111893417900006,0.632717280000001
"166",0.0943360027999898,0.694234334099999
"167",0.0711006213999994,0.734501371899992
"168",0.0535687992999971,0.773188741800009
"169",0.0376052177000048,0.8847184182
"170",0.0239390659000058,0.919467938299993
"171",0.0461919228000003,0.863007322100003
"172",0.0711399872000076,0.921201600299998
"173",0.102011063499999,0.977103816600007
"174",0.098338382100005,0.811729866399988
"175",0.151578797399999,0.658424840100002
"176",0.191847807299991,0.488957705799997
"177",0.202367831,0.326117077400008
"178",0.214530002600007,0.222051109800001
"179",0.165132173699991,0.109922859700001
"180",0.128006457800003,0.210639943199997
"181",0.288466312299997,0.263639316599999
"182",0.158614483199992,0.308576812200007
"183",0.0636716469999925,0.372305919399995
"184",0.1060696952,0.429166865599997
"185",0.0972736800999936,0.8159817829
"186",0.378815412599993,1.04882021410001
"187",0.447278108300003,1.1807689228
"188",0.363505607400008,1.37770749559999
"189",0.330811155899998,1.1083120765
"190",0.277245533899995,0.999099926100008
"191",0.203242741000004,0.856766277600002
"192",0.138748935100006,0.277546192200006
"193",NA,0.218719608499995
"194",NA,0.206645866800002
"195",NA,0.176709359300002
"196",NA,0.189805467300001
"197",NA,0.186178540900002
"198",NA,0.306309078600005
"199",NA,0.5202687924
"200",NA,2.4726413813
"201",0.623983533200008,2.056569738
"202",0.369864020000001,1.9629317551
"203",0.301442149100001,2.85632137049999
"204",0.183881622799994,NA
"205",0.0216875075000011,NA
"206",0.125773219399992,1.07724992010002
"207",0.279738118400001,1.3373366916
"208",0.364362764700001,1.299442862
"209",0.383060635700001,1.1788944352
"210",0.395114647100005,0.902778259199994
"211",0.335160597799998,0.986601512699991
"212",0.620144824799997,1.12008027200001
"213",0.447837930800006,0.838170688499993
"214",0.3063913465,0.395639814800006
"215",0.265833016400002,0.209866243699992
"216",0.292228483500001,0.443619544600008
"217",0.304244926799996,0.330938757599998
"218",0.251041384899999,0.188932433400005
"219",0.261294609299998,0.465928149799989
"220",0.3076501412,0.32598487200001
"221",0.263990393,0.266019427599993
"222",0.1927978258,0.248140303600007
"223",0.163890256299993,0.263014883100009
"224",0.13543540300001,0.447363310300002
"225",0.14040166709999,0.5465480959
"226",0.1405886081,0.6025728539
"227",0.102719425199997,0.696324583599992
"228",0.11839223110001,0.750685900900002
"229",0.131266781299988,0.705212384599996
"230",0.137791677300001,0.675389671800003
"231",0.134190450700004,0.609311743399997
"232",0.122357574300008,0.521901619399999
"233",0.122773021099988,0.479788764900011
"234",0.103617519300009,0.459859403099996
"235",0.086483260899989,0.451385467899996
"236",0.0771535721000056,0.4276395274
"237",0.0837282939999966,0.389144271100001
"238",0.0949657879000014,0.380610879499997
"239",0.0996664537999976,0.364670018299998
"240",0.0454110099000076,0.343381795699999
"241",0.0378931043000001,0.306560769999997
"242",0.0986837981999962,0.264100595600002
"243",0.216497517000004,0.208669678300007
"244",0.293404256700004,0.0743308512999956
"245",0.3962223941,0.123589220499996
"246",0.338432067399996,0.352800977300008
"247",0.139426143999994,0.532483593099995
"248",0.228799987500008,0.518751601999995
"249",0.463071573600001,0.531276727000009
"250",0.42765456579999,0.458949766199989
"251",0.471820216200005,0.644945148100003
"252",0.144172990399998,0.918602551299998
"253",0.212929391100005,0.917788180299999
"254",0.245641195899992,0.909414458700009
"255",0.299484254100005,0.893708266000001
"256",0.389041324700003,0.867864590799989
"257",0.451230991500001,0.79434003890001
"258",NA,0.537016228099997
"259",NA,0.362489902299995
"260",NA,0.284658396099999
"261",NA,0.197185087299999
"262",NA,0.153618007799988
"263",NA,0.170022030899997
"264",NA,0.140709663300004
"265",NA,0.512524057199993
"266",NA,1.4623883431
"267",NA,NA
"268",0.202522671500009,NA
"269",0.208499906699995,NA
"270",0.1587693028,NA
"271",0.263850173899996,NA
"272",0.372960824,NA
"273",0.595807220400012,NA
"274",0.574775408699988,1.9990354155
"275",0.611297963200013,1.58443277480001
"276",0.508163436499999,1.12351352449999
"277",0.325879049399994,0.363051514700006
"278",0.136818734899997,0.621373908099995
"279",0.179386198799996,0.889293782900008
"280",0.131609546299998,1.353974362
"281",0.193693544599988,1.3157436444
"282",0.309782504200001,0.920635870599995
"283",0.33359762700001,1.08262903790001
"284",0.324239660699998,0.933704430999988
"285",0.366502998100003,0.829489906400006
"286",0.412462542399997,0.558220756999997
"287",0.431695995699997,0.392395199099997
"288",0.547033453599997,0.209136750899997
"289",0.507626058400007,0.307378459799999
"290",0.551134822700003,0.510542014799988
"291",0.428823040699992,0.67593985280001
"292",0.362616850599998,0.773496745399999
"293",0.326327860500001,0.858185881600001
"294",0.296789741200008,0.9742102184
"295",0.250570335999999,0.923627075399995
"296",0.216972691999999,0.847525010000005
"297",0.180383841199991,0.871265949499993
"298",0.1312724798,0.835204166999997
"299",0.105362306200004,0.796722308400007
"300",0.0751142861000069,0.645873639600003
"301",0.0485796442999895,0.516716585800001
"302",0.0327202086000131,0.403115884899991
"303",0.0294750595999993,0.313689641700002
"304",0.0271646836999899,0.223709560299998
"305",0.0163939672000097,0.133533413500006
"306",0.0269766587999918,0.0594389508000059
"307",0.0240273946000009,0.226426319599994
"308",0.0393063248000001,0.521753612100007
"309",0.0793624374000004,0.713542910499994
"310",0.0953621491000014,0.741533630300001
"311",0.0788783997999971,0.666327972399996
"312",0.0256509868999988,0.691204207400006
"313",0.0335297895999993,0.521557141700001
"314",0.294756785700002,0.6479735138
"315",0.773319259899994,0.526977199200005
"316",0.605501330200012,0.348284630499993
"317",0.484928932199995,0.403997630000003
"318",0.283646415200007,0.3485114462
"319",0.290464577399995,0.545685519599996
"320",0.307480444100001,0.587039289500009
"321",0.331286450599997,0.383703659200002
"322",0.294878931500005,0.0795188501999995
"323",0.362705398800003,0.0601665206000064
"324",0.510224415499998,0.292169845
"325",0.413498819299996,0.244516942000001
"326",NA,0.113401283799995
"327",NA,0.234276392900004
"328",NA,0.616969114300009
"329",NA,8.19437711269999
"330",NA,1.0000171094
"331",NA,0.627045139300012
"332",NA,0.298120143399998
"333",NA,0.0447673385000016
"334",NA,6.0167809171
"335",1.1373915184,0.277445211299998
"336",1.2508955671,4.09073504700001
"337",1.1308094822,3.8799331924
"338",0.854465848699995,2.57266842440001
"339",0.624756520199995,1.7645848793
"340",0.423326068700007,1.16494818859999
"341",0.391426713899996,0.834294301600007
"342",0.334646829900002,0.639501155400005
"343",0.429301343499997,0.431374300899993
"344",0.228610440000008,0.278895525800003
"345",0.0847223904999908,0.512256728399993
"346",0.230848255899989,0.0735490151999905
"347",0.273979530799998,0.162889174600007
"348",0.401985774900005,0.159738374799993
"349",0.442405460699995,0.11885684480001
"350",0.620793531200004,0.093699233400006
"351",0.629236844199994,0.0590542289000027
"352",0.572462711200004,0.0583339119999984
"353",0.580029733699995,0.145147549099988
"354",0.691144501000004,0.197380790400004
"355",0.719243889099996,0.193110248500009
"356",0.718826102100001,0.179044306399987
"357",0.765849590099993,0.283489853099987
"358",0.664215641400006,0.348186162400001
"359",0.594937318900008,0.394417209400011
"360",0.562567352799997,0.465724491499998
"361",0.542325794699995,0.527993771599995
"362",0.494305320799997,0.558460212099995
"363",0.467293461500011,0.645645892200012
"364",0.428785237699993,0.647562117599993
"365",0.395357851599996,0.678844708600003
"366",0.35543748460001,0.692020880100005
"367",0.330502173699998,0.6533884769
"368",0.308278775940003,0.558911546599999
"369",0.280700403049996,0.4844012739
"370",0.251754738449993,0.416671338299999
"371",0.221350519310002,0.343528840700003
"372",0.200065142789995,0.295851527199996
"373",0.225016441070013,0.262093596499993
"374",0.179335429499995,0.214336439300006
"375",0.126616649769996,0.167226075199999
"376",0.148357157540008,0.224034649
"377",0.212655835649999,0.258652096099997
"378",0.252306105649993,0.245729475500006
"379",0.312523627669989,0.237814750099989
"380",0.316093591129988,0.228091566399998
"381",0.352874909039999,0.161575746000009
"382",0.349105052600008,0.225095257399994
"383",0.745467166299996,0.303071483800002
"384",0.5442652696,0.829690634699993
"385",0.490981980799997,0.765548033700007
"386",0.589056507399992,0.728108256599993
"387",0.66688524640001,0.803866423600013
"388",0.645344758599991,0.817964714099999
"389",0.784978380299998,0.729499630899991
"390",0.797462481499993,0.610833212199998
"391",0.766094153900006,0.363689255600011
"392",0.577301611600006,0.237627681699999
"393",0.404449640899989,0.180665085399998
"394",NA,0.198960043500005
"395",NA,0.188864495800004
"396",NA,0.214072962599998
"397",NA,0.329725897599996
"398",NA,1.0858471725
"399",NA,9.41277118619999
"400",NA,NA
"401",NA,NA
"402",0.230176648400001,NA
"403",0.143503569299995,NA
"404",0.059045958100004,NA
"405",0.0487276375999954,NA
"406",0.0934201284000089,NA
"407",0.0728091275000011,4.75923990810001
"408",0.0416469063999862,3.2021266114
"409",0.055876263699993,2.58309553599999
"410",0.0540506717999953,2.42316684490001
"411",0.0666108432000101,1.9689976754
"412",0.0815029236000022,1.56985694149999
"413",0.137385086900004,1.23526853760001
"414",0.172228911299996,0.980147621300002
"415",0.259732145900003,0.879038961299997
"416",0.313971856000002,0.633356207199991
"417",0.3298523592,0.754675176399996
"418",0.239297442999991,0.744272222600014
"419",0.130284318700006,0.918820152999992
"420",0.0432135873999933,0.620968927999996
"421",0.114556584199999,0.448399359600003
"422",0.20017977409999,0.356275215200004
"423",0.173855902600003,0.264352252100007
"424",0.253697950299998,0.232209338399997
"425",0.299142114500011,0.424233570099997
"426",0.353551607,0.7680439863
"427",0.394425380699996,0.755876923200006
"428",0.442470095500003,1.1349994675
"429",0.496500718899991,0.993007672700003
"430",0.518625727400007,0.843777576799997
"431",0.540297649600003,0.712786721599993
"432",0.571521826700003,0.563969104799998
"433",0.649505148300008,0.542775164700004
"434",0.602229007699997,0.569175974600007
"435",0.509906897400002,0.492845348299996
"436",0.425692062899991,0.438148343199995
"437",0.34417720250001,0.354851671799997
"438",0.274505091,0.282833446800014
"439",0.199752573800003,0.215996065599994
"440",0.156744245799999,0.169702201399993
"441",0.118917782800004,0.129192387400012
"442",0.0784834589999974,0.0694388386999911
"443",0.0453640388000061,0.0389854534000058
"444",0.0277482916999912,0.104628916700007
"445",0.0331757403000044,0.17365708999999
"446",0.0830349144000007,0.275947578899997
"447",0.129658820499996,0.320904726700002
"448",0.139666438700004,0.326212270300005
"449",0.124007453000004,0.487225300099999
"450",0.196362470499993,0.667139826899996
"451",0.232182645399995,0.632882997800005
"452",0.458971621200007,0.5526212382
"453",0.499803911999996,0.472634655099995
"454",0.680335668700003,0.613860205600009
"455",0.477707081800007,0.920636456599997
"456",0.295218127799998,0.884094418600004
"457",0.483059379199998,0.708386247099998
"458",0.350580276900001,0.927855202299998
"459",0.26807691859999,1.1176412257
"460",0.174184728399986,1.03182405290001
"461",0.162962496900002,0.801048559699993
"462",0.1707395845,0.553672613700005
"463",0.287087215200001,0.106763480400001
"464",0.0967729234000014,0.173791662100008
"465",NA,0.360283454299992
"466",NA,0.402730197500013
"467",NA,0.444506716399989
"468",NA,0.628850844499997
"469",NA,0.452792587000008
"470",NA,NA
"471",0.213318851199988,NA
"472",0.188181434200001,NA
"473",0.129576199000004,NA
"474",0.0779480267999961,1.7785059614
"475",0.0632803646000077,0.544036180099999
"476",0.120306537899996,NA
"477",0.158890843000011,NA
"478",0.204290057999993,3.1898788559
"479",0.220719226200004,2.8783728332
"480",0.350985735399998,1.6144151196
"481",0.456419818200004,0.870030565299995
"482",0.623994275099989,0.413289380500004
"483",0.637011275800004,0.0851584740999982
"484",0.584943908099998,0.0781152676999959
"485",0.463964316000002,0.197057549899995
"486",0.354590518399998,0.316408466300008
"487",0.281727540099997,0.449237457999995
"488",0.130774352000007,0.61343439640001
"489",0.0960635854000067,0.594173700699997
"490",0.0999803893999918,0.365872643199996
"491",0.0808243627000067,0.415067174400001
"492",0.144628165099991,0.3201883413
"493",0.175068876400008,0.444305180999994
"494",0.259553342600004,0.471697227800011
"495",0.289809721700006,0.615469403600008
"496",0.308991284400003,0.786204206799992
"497",0.292283868199991,0.931819201500009
"498",0.252203724600006,0.9007751605
"499",0.245435705699995,0.794259025399992
"500",0.213577955900011,0.715771159799997
"501",0.186429244399998,0.723609244100011
"502",0.155626493599996,0.866229468599988
"503",0.132764085600002,0.80745543120001
"504",0.101929302199997,0.702024192399998
"505",0.0738204010000061,0.519828852700005
"506",0.0522571553999942,0.445083659099996
"507",0.0323440732000027,0.37990088099999
"508",0.0308758331999979,0.298705654900008
"509",0.0365066801000093,0.225269366700001
"510",0.126597080099987,0.164921169199996
"511",0.221284821100005,0.133706028099994
"512",0.255375351799998,0.109841612300009
"513",0.270953718700007,0.0938945844999903
"514",0.163402727299999,0.0766691899000094
"515",0.146058136000001,0.0717735726999909
"516",0.2578733272,0.165256303399989
"517",0.4599780481,0.254002222000009
"518",0.510210171099997,0.626039407699992
"519",0.545868237200002,0.936752151300004
"520",0.303957015599991,1.02289468280001
"521",0.326128393600014,1.5346490878
"522",0.0409288635999872,1.5694636251
"523",0.105421921,1.26586863099999
"524",0.165511169899997,1.3563470408
"525",0.2312166402,1.3144851256
"526",0.388277699899994,1.01887571320001
"527",0.407625962700006,0.950242235999998
"528",0.502594953099992,0.551503303099995
"529",0.487612732799995,0.1941402926
"530",NA,0.196848987600006
"531",NA,0.169554711199996
"532",NA,0.0519728288000003
"533",NA,0.123811927800006
"534",NA,0.201172747200005
"535",NA,0.110056071499994
"536",NA,0.175386094199993
"537",NA,0.0967487399999953
"538",NA,NA
"539",0.467398462400009,NA
"540",0.729412689000004,NA
"541",0.758835079699988,NA
"542",0.58196842360001,NA
"543",0.424887001099989,NA
"544",0.360905726900011,NA
"545",0.384977028599991,NA
"546",0.302749975900007,0.435147335999989
"547",0.0887613122999937,0.12101544530001
"548",0.0555887306000038,0.046050045599987
"549",0.563245072199987,0.152776438399989
"550",0.220658540400002,0.285372968800008
"551",0.188210518600009,0.334536967499989
"552",0.106704656100003,0.723588827800008
"553",0.0557462566000062,0.592823799999994
"554",0.266195872799997,0.653910354900006
"555",0.401927508400004,0.437971272299993
"556",0.461835264799991,0.311602462200003
"557",0.538352288600006,0.244709238500004
"558",0.533801498500004,0.195184912199995
"559",0.565572835899999,0.268388747400007
"560",0.520400789099995,0.273318371499997
"561",0.397616344399999,0.346895629400006
"562",0.275230236799995,0.439298020000003
"563",0.15451761740001,0.448216256199984
"564",0.113411003899991,0.568856809400014
"565",0.154942714000011,0.504152844399989
"566",0.153834172899998,0.477056555500003
"567",0.148079333000002,0.528085455299998
"568",0.133232404099996,0.6384438248
"569",0.1172548678,0.804253039100008
"570",0.109001998099998,0.915998159099997
"571",0.0987118673999952,0.894770802299995
"572",0.0878836615000083,0.782735082600002
"573",0.0846556593999921,0.699223876000008
"574",0.0735397870000085,0.566954964199988
"575",0.0572920942999993,0.45267760080001
"576",0.0496136453999974,0.366147887699992
"577",0.0499664261000028,0.26958942660001
"578",0.0408322810999966,0.172756910899999
"579",0.0307947753999986,0.0437920840000032
"580",0.00477005810000009,0.168269734800006
"581",0.0168128336000049,0.224008153399993
"582",0.0580494449999929,0.237892500800003
"583",0.120879796100002,0.258996844500002
"584",0.2521067325,0.332678233599996
"585",0.433850686399989,0.372651440699995
"586",0.487994166000004,0.596847564500004
"587",0.324097247099989,0.624980749099995
"588",0.298644372800009,0.62913510060001
"589",0.456371557899995,0.758271419099991
"590",0.196202403400008,0.609579215299997
"591",0.237039057299999,0.693799201999999
"592",0.360258144800007,0.665205758200006
"593",0.429256516999995,0.579362094100002
"594",0.318817950200003,0.564924113500002
"595",0.347382533900003,0.495435933199992
"596",0.342787847299991,0.25963827419999
"597",0.355611850300001,0.315255323400013
"598",0.268852480000003,0.283472379699994
"599",NA,0.388320356100007
"600",NA,0.348773182899993
"601",NA,0.306317536200005
"602",NA,0.312125508499999
"603",NA,0.186418513899994
"604",NA,NA
"605",NA,NA
"606",NA,NA
"607",0.165510274999992,1.8861996569
"608",0.135037284100004,NA
"609",0.123292625600001,NA
"610",0.213520095099994,1.3125973672
"611",0.2590351849,0.551731785799998
"612",0.295548595300001,1.59852830460001
"613",0.394641228000001,1.96410091489999
"614",0.474528939500008,1.24667151850001
"615",0.552711453899995,1.01984474309999
"616",0.342738166800004,0.735564434400004
"617",0.117167174900011,0.562159171999998
"618",0.279501624399991,0.399416400699996
"619",0.409138115800008,0.258404252500011
"620",0.429954949599995,0.197858223899999
"621",0.355360247099995,0.0985093425000034
"622",0.322369864600009,0.113183835800001
"623",0.314290723300001,0.293770784900001
"624",0.427175372500002,0.224862919599991
"625",0.499471143900006,0.410585676599998
"626",0.501123686199989,0.339930846300003
"627",0.522111295800002,0.386404017799995
"628",0.694209853000007,0.181187376099993
"629",0.625862905799991,0.458547523099991
"630",0.558989684300002,0.693153501300007
"631",0.439838943800002,0.805188964399999
"632",0.319725495900006,0.649765410399999
"633",0.246317906099994,0.564227773099995
"634",0.0961665898000046,0.472518342200004
"635",0.070479376499998,0.449540560200004
"636",0.0705199682000046,0.410915908100002
"637",0.0677666000000023,0.387037970899991
"638",0.0561956050000028,0.333726254799997
"639",0.0478672007999972,0.281308871500006
"640",0.0385470469999962,0.207135699799995
"641",0.0345262157000015,0.151070879100001
"642",0.032619752300004,0.15313376580001
"643",0.0208461729000007,0.150222955999997
"644",0.0133889877999938,0.154614290399998
"645",0.016886317100008,0.183172741100005
"646",0.0194764675999934,0.160910821299998
"647",0.0315152648999995,0.1519984858
"648",0.0629608174999969,0.155256367400002
"649",0.100798838799999,0.254247898299999
"650",0.145764239800004,0.281834564999999
"651",0.232087700699998,0.330083264200004
"652",0.366910233300004,0.3951904183
"653",0.461519165500004,0.436187092699994
"654",0.564275494099999,0.609053966600003
"655",0.79164203449999,1.02398967789999
"656",0.72949344020001,1.94027642260001
"657",0.652771155599996,1.92114865549999
"658",0.413402286200004,1.60250359100001
"659",0.379445262399997,1.30297908209999
"660",0.4633008321,1.100161674
"661",0.562245394199991,0.958821578400002
"662",0.793831399500004,0.778070318099999
"663",0.561842652199999,0.257790646499998
"664",0.501302316400004,0.262167937099989
"665",0.289165915699996,0.287024012300002
"666",0.327023294999996,0.141887047800001
"667",0.3094595916,0.19543872049999
"668",0.226231493799993,0.0851668671000105
"669",NA,0.163210386600003
"670",NA,0.254526863199992
"671",NA,0.464262706900008
"672",NA,NA
"673",NA,NA
"674",NA,NA
"675",NA,NA
"676",NA,NA
"677",NA,3.2545221739
"678",NA,NA
"679",NA,NA
"680",1.20398289590001,NA
"681",1.29933496,1.643000695
"682",1.2587419574,0.979199392199995
"683",1.0601184458,0.429300877300005
"684",0.692753236199987,0.147355090800001
"685",0.583275982000014,0.0662725097000028
"686",0.339615015099987,0.0484488734999999
"687",0.0970782200000002,0.241678064500004
"688",0.048330289199999,0.217090969899996
"689",0.134287388700002,0.174258491699987
"690",0.199903636599991,0.399968479100007
"691",0.165586684099999,0.225636603699993
"692",0.182832466500003,0.295580772000001
"693",0.296923045399989,0.356504352199998
"694",0.312691968000003,0.329976116800005
"695",0.495267689699997,0.304767904600006
"696",0.545992783300001,0.206354781499996
"697",0.626382405899996,0.148802563400004
"698",0.575204030500014,0.169439645999997
"699",0.631672309499997,0.252063359100003
"700",0.585699345299989,0.484855837999991
"701",0.49939471990001,0.619798623800008
"702",0.433541438899999,0.849611553599996
"703",0.4329305672,0.931088333400002
"704",0.363554563399992,0.943289809200003
"705",0.312033068900011,0.883650572200001
"706",0.282689355099995,0.817040795799999
"707",0.262975999799997,0.774481769900001
"708",0.236249149500004,0.702246248099998
"709",0.266727615699994,0.610188344499997
"710",0.242846544200001,0.495396114399995
"711",0.216875411300002,0.4012630673
"712",0.184700175800005,0.305797670200013
"713",0.154589614299992,0.239460590699993
"714",0.11463186220001,0.182871902499997
"715",0.0921532026999934,0.143162574700003
"716",0.106250097200006,0.106449862000002
"717",0.159957560399992,0.0584044283999976
"718",0.2241130708,0.0635032580999972
"719",0.280483994200008,0.0461923880999944
"720",0.29664479799999,0.115290396899997
"721",0.160202424100003,0.153525062600002
"722",0.0824056744000075,0.168200372399998
"723",0.11361240160001,0.267387307699995
"724",0.0633299235000084,0.307004609400007
"725",0.0667826276000039,0.347341472999993
"726",0.134285389699997,0.454310580500003
"727",0.470834857299996,0.454755218200006
"728",0.272964182799994,0.589449918999989
"729",0.248676105600007,0.614586398400011
"730",0.311829392799996,0.744307938499992
"731",0.285715365199993,0.763597166599995
"732",0.317700890999999,1.01959399690001
"733",0.4875290008,1.09624621910001
"734",0.654734610600002,1.20605233859999
"735",NA,1.40504920810001
"736",NA,1.0143749463
"737",NA,0.556695527899993
"738",NA,0.326720062699998
"739",NA,0.198049502599989
"740",NA,0.0538725048999886
"741",NA,0.0604288232999899
"742",NA,0.240893341700005
"743",0.651278148500001,0.494602088600001
"744",0.544163933100009,0.570888068599999
"745",0.456394281199991,NA
"746",0.414429127200005,NA
"747",0.399009107900007,1.803205429
"748",0.263031091099993,NA
"749",0.196692536000004,NA
"750",0.0610050412999996,2.0163192445
"751",0.0512748200999944,0.94520336359999
"752",0.151032934299998,0.359124210600001
"753",0.101159856700008,0.073240108100002
"754",0.326198842899998,0.0892039797000024
"755",0.382777708999992,0.168687326699992
"756",0.3771502293,0.206781252499997
"757",0.375965968000006,0.555713799099991
"758",0.485375565899993,0.606152957800003
"759",0.467202423600011,1.0655351344
"760",0.403104313699991,1.3350823695
"761",0.321475694400007,0.852372872699988
"762",0.2719269408,0.592581810000009
"763",0.246409980599996,0.361428188800001
"764",0.272872280399998,0.142115413300001
"765",0.248188540700003,0.140784381800007
"766",0.238127889300003,0.496077813099991
"767",0.222336573899998,0.828036890900009
"768",0.207933576799995,0.831617408399993
"769",0.194244723300006,0.830988166500001
"770",0.176511925999993,0.791010841999999
"771",0.161906072499995,0.652432897200011
"772",0.158647822800013,0.610366110700001
"773",0.1534022335,0.517405974199994
"774",0.1734677707,0.463672597599993
"775",0.21219136669999,0.431617104100001
"776",0.249591746099998,0.398242092699999
"777",0.380701430300004,0.380923396000012
"778",0.397744710899996,0.336496814099988
"779",0.364225959800009,0.270230009800011
"780",0.308237583499995,0.225384009799997
"781",0.233235089600001,0.181076004199994
"782",0.170050880700007,0.183288426800008
"783",0.06445461429999,0.168457350299997
"784",0.0196183093000108,0.0600946296000053
"785",0.0645421292999941,0.122897961800001
"786",0.0819618914000024,0.2472500345
"787",0.262513412299995,0.393725036899999
"788",0.203452905899997,0.452945450300007
"789",0.1503107202,0.872268750999995
"790",0.0893475556000034,1.4758023337
"791",0.2337498624,1.17872129870001
"792",0.226522347499998,0.778523393400004
"793",0.388346261900004,0.770183973699998
"794",0.489408021399999,1.10046470819999
"795",0.559048696100003,0.805715916700009
"796",NA,0.689417709399997
"797",NA,0.566195778699996
"798",NA,0.312872965100009
"799",NA,0.118016522999987
"800",NA,0.1498471319
"801",NA,0.120596112200008
"802",NA,0.0634662082999995
"803",0.142781080700004,0.16279536650001
"804",0.183350249599997,0.112725226299993
"805",0.208472422200007,0.145330001200005
"806",0.271372670399998,0.225766947799993
"807",0.290521551300003,0.121155351100004
"808",0.33942983899999,0.9757711677
"809",0.350679501800002,NA
"810",0.144706691600003,NA
"811",0.179013497799996,0.278526423900001
"812",0.338058199399999,0.314045596100005
"813",0.118199632400003,0.388709517399999
"814",0.114912005300003,0.461203755499994
"815",0.184444294599999,0.555802469499998
"816",0.189408963700007,0.609151503499998
"817",0.294066495799999,0.696637183500005
"818",0.305349409599994,0.600013418999998
"819",0.235451897700006,0.174085154299995
"820",0.278834317999998,0.229569847099986
"821",0.292684044700003,0.242328093099994
"822",0.434989145899998,0.226759317199999
"823",0.529451589800001,0.220579762700002
"824",0.620721800999995,0.132988495100006
"825",0.632014938000008,0.0698733814999954
"826",0.662964390399999,0.110371792399995
"827",0.674668860099992,0.123812047199992
"828",0.670453567200003,0.148962959100009
"829",0.638203637799997,0.172877555000001
"830",0.597837147700012,0.175136095600001
"831",0.538498313799998,0.348011088900009
"832",0.476845169099997,0.403010129199995
"833",0.418076181499996,0.583161858700002
"834",0.355129630200009,0.766573187300001
"835",0.305251000699988,0.785164396699995
"836",0.252289136200002,0.747183104400001
"837",0.198598025000004,0.661888971499996
"838",0.154953534899995,0.542997214600007
"839",0.147166698900001,0.457104904300003
"840",0.149804047299998,0.368315635999998
"841",0.0900299502000035,0.2775881973
"842",0.336396286199996,0.17639826169999
"843",0.48168416340001,0.0917471414999955
"844",0.552845071799995,0.244857569199993
"845",0.526649815000003,0.244169308400007
"846",0.415668295099996,0.234544188800001
"847",0.309961661300003,0.274372798900002
"848",0.218271592400004,0.247550765299998
"849",0.150129997099992,0.203627494999994
"850",0.110374238499999,0.270551237000006
"851",0.339961500800008,0.302891231099995
"852",0.22949317739999,0.372052278199998
"853",0.161082779600012,0.354942605200002
"854",0.352959150999997,0.391766065399997
"855",0.4848173647,0.83823921190001
"856",0.644761475800014,0.621264779399999
"857",0.623332221599995,0.50140863529999
"858",0.56176505249999,0.398420414300011
"859",0.662028593100011,0.244525720399999
"860",NA,0.230661341199989
"861",NA,0.253869728600009
"862",NA,0.169052911599996
"863",NA,0.230372941800006
"864",NA,0.372725849200009
"865",NA,NA
"866",NA,NA
"867",NA,2.7475182121
"868",0.2791148134,NA
"869",0.18161081520001,NA
"870",0.345819607200006,NA
"871",0.417707693999994,1.022460082
"872",0.432823873500006,0.380255310699997
"873",0.447085230500004,1.28223655349999
"874",0.604449836099992,1.71651791220001
"875",0.596952316799996,1.6281429856
"876",0.469320412500011,1.55560942859999
"877",0.473179042899989,1.3164988865
"878",0.347117890800007,1.408225225
"879",0.142380681100001,1.2018089693
"880",0.251070143799996,0.802539909599997
"881",0.318923000700011,0.331490558799999
"882",0.275630983699994,0.495415906900002
"883",0.275147406099993,0.359591537099996
"884",0.334875133100002,0.16839987980001
"885",0.346489078299989,0.235180588600002
"886",0.464979361600001,0.131014447400002
"887",0.474183132300002,0.151518867200004
"888",0.496841227700003,0.11925158599999
"889",0.367132500200004,0.164970213000007
"890",0.330868310299998,0.0504315121000012
"891",0.284881698099994,0.136525500400012
"892",0.255956330099998,0.578586667399986
"893",0.203632049500005,1.0172731808
"894",0.177553999400004,0.913453872200009
"895",0.139083851499993,0.961060390099993
"896",0.111382081800006,1.03049228260001
"897",0.103558675799999,0.9893362167
"898",0.116027326600005,1.1701918296
"899",0.121027688900003,1.1382479188
"900",0.12347688969999,0.968016181399992
"901",0.120248999500014,0.733218939400004
"902",0.105787191400001,0.620305074200006
"903",0.0911605319000017,0.487560983499995
"904",0.0797708447000076,0.350298241099992
"905",0.103277190699991,0.255885408100001
"906",0.119573825799993,0.177942324300011
"907",0.0976994980999919,0.106421473499989
"908",0.0988677090000039,0.060218922500006
"909",0.0453086461000005,0.0288592046000051
"910",0.0489708160000077,0.0238729824999915
"911",0.0066810498000045,0.0939793064999961
"912",0.139057436800002,0.210644826099996
"913",0.154019318399992,0.321246840300011
"914",0.175058786900006,0.545132412899999
"915",0.223498220499994,0.704886074600001
"916",0.257837005000013,0.828432695099997
"917",0.13232510360001,0.987952480699999
"918",0.0409624522000094,0.991772129199994
"919",0.0928918932999991,1.12322387080001
"920",0.163581200399999,1.1024110336
"921",0.32064905519999,1.02556487259999
"922",0.351245268100008,1.2699206617
"923",0.380087613399997,1.3414747538
"924",0.394103937200008,1.25553411160001
"925",0.42191524679999,0.962622818700002
"926",0.512764963700004,0.594326226299998
"927",0.434362105099996,0.298341604600004
"928",NA,0.223905134299994
"929",NA,0.0879284095000017
"930",NA,0.101957356499998
"931",NA,0.265338825500006
"932",NA,NA
"933",NA,NA
"934",NA,NA
"935",NA,3.80228538360001
"936",NA,7.82371198679999
"937",0.0819313940999997,9.50518501900001
"938",0.0331845927000032,NA
"939",0.141676986599997,NA
"940",0.242323143299998,10.546381046
"941",0.3466628161,8.3963985136
"942",0.521101481800006,3.6159640345
"943",0.708067335400006,2.3137617152
"944",0.658048342699999,2.0464363714
"945",0.512819866199994,2.06803538899999
"946",0.447925860599995,1.9367722439
"947",0.426958168500015,1.4787069469
"948",0.216677201200003,1.10113610460001
"949",0.256320532700002,0.620533244899995
"950",0.193499286399994,0.299125355099996
"951",0.248238773800001,0.1313344631
"952",0.257951160999998,0.0950170605000089
"953",0.313126099600012,0.106431259699999
"954",0.549961444999997,0.157648066799993
"955",0.832664949400002,0.158435981499998
"956",1.0739502007,0.118019242700001
"957",1.30488188199999,0.157292129500007
"958",1.2736024448,0.271936122699998
"959",1.1468556632,0.27544829870001
"960",1.0457626785,0.444486346899993
"961",0.871382085800006,0.621665258500002
"962",0.657752884700002,0.7008187046
"963",0.531228861399994,0.649499921700006
"964",0.421121620630007,0.734259412799986
"965",0.390686527490004,0.824940729300003
"966",0.34546476403,0.739215593900004
"967",0.28898352857,0.669736739299994
"968",0.23326455557001,0.602769287400008
"969",0.185079412579993,0.526762524599999
"970",0.122613580060001,0.472423694599994
"971",0.176976638390006,0.48305801600001
"972",0.18805528976999,0.399210442499999
"973",0.206347101000004,0.33527471539999
"974",0.203127491130001,0.26401739260001
"975",0.190571146679996,0.199010052699993
"976",0.28176332685001,0.148803741800009
"977",0.466727009689997,0.0565944442999875
"978",0.566336582700007,0.0571281174999889
"979",0.626849439900001,0.157468727400003
"980",0.68348617799999,0.192533755800005
"981",0.623855355100002,0.304691916900001
"982",0.632694308399987,0.398714197000006
"983",0.685757230899991,0.527108127599991
"984",0.680840665899996,0.6704066938
"985",0.706493771200007,0.622130595600002
"986",0.528697259199996,0.764270357600001
"987",0.478632548500004,1.2745694131
"988",0.443417137399997,1.1262641415
"989",0.444827864600009,1.2425483947
"990",0.548358627200003,1.6047357336
"991",0.644943455799993,1.36930256189999
"992",0.689342145500007,1.11008310030001
"993",0.684061565899995,0.655504399100007
"994",0.5179526523,0.221413260999991
"995",NA,0.0908790341000021
"996",NA,0.0628704761000023
"997",NA,0.170978942599998
"998",NA,0.31685717649999
"999",NA,1.25407909130001
"1000",NA,NA
"1001",NA,NA
"1002",NA,7.51460526379999
"1003",NA,7.0392679583
"1004",NA,2.88641056940001
"1005",0.308017123599999,29.9650759493
"1006",0.447205659099996,27.1397744858
"1007",0.580451383500002,9.596533123
"1008",0.582917612600003,7.00628176289999
"1009",0.473611988199995,3.21829687200001
"1010",0.351025001400007,4.3892230392
"1011",0.395125735499999,5.1108807001
"1012",0.270906232899996,3.959907941
"1013",0.260712088800009,2.1336094834
"1014",0.184126632299996,0.809318319200006
"1015",0.0417730941999999,0.437381478299987
"1016",0.123304957200002,0.27036258910001
"1017",0.153816854199995,0.574783250199999
"1018",0.224041008000007,0.661786907300002
"1019",0.146315205099988,0.539790044100009
"1020",0.0984870730000083,0.235182382599991
"1021",0.116529580900004,0.0821547728999974
"1022",0.164440298699994,0.240153363800001
"1023",0.241773412500006,0.337889535900004
"1024",0.307071574000002,0.497721826199996
"1025",0.388694872200006,0.528912730900004
"1026",0.347848796799997,0.550897924499999
"1027",0.310245762499996,0.522150206699997
"1028",0.333724394300003,0.599469405700004
"1029",0.315372653399994,0.697459800500004
"1030",0.321682471900008,0.689213065199995
"1031",0.300435939900002,0.7720935753
"1032",0.307992931300003,0.784904060400009
"1033",0.305007887699986,0.830014459199992
"1034",0.315489163700004,0.811202453500002
"1035",0.315089860800008,0.738253012299998
"1036",0.290293533199996,0.648150859699999
"1037",0.278834032399999,0.565750219500009
"1038",0.257865329700007,0.465792855099986
"1039",0.246426514699987,0.374541287600007
"1040",0.232849683400012,0.294945937099994
"1041",0.240901286499998,0.229154419500011
"1042",0.206898740899998,0.171377171299993
"1043",0.168256193300003,0.129361530200008
"1044",0.154184496500001,0.0855720940999909
"1045",0.157957208099997,0.0417933232999985
"1046",0.1437134247,0.050972460199997
"1047",0.1044547463,0.222063745199998
"1048",0.0735288191999928,0.374189222599998
"1049",0.0989575743000017,0.425906772999998
"1050",0.118925493799996,0.630972061800005
"1051",0.149230275000001,0.808403810799991
"1052",0.154610503400001,0.801560617100007
"1053",0.165950610800007,0.800241123700001
"1054",0.196745902299995,0.904378623400001
"1055",0.216606395599996,1.0453226454
"1056",0.290421083400005,0.862544934600001
"1057",0.191737958499996,0.982183559400003
"1058",0.396570530800002,0.986536537800005
"1059",0.188374057200001,0.812833499599998
"1060",0.0960868417999983,0.522213986299999
"1061",0.343387497300007,0.222007591399993
"1062",0.299129616799988,0.122593144099991
"1063",0.37825877980001,0.0381835604999985
"1064",0.435122194199991,0.174873924299998
"1065",0.38365846400001,0.254084459700003
"1066",0.267327560300004,0.285508149200009
"1067",0.264059604400011,0.274601533999999
"1068",0.251319685399995,0.246483106799996
"1069",0.195811625699996,NA
"1070",NA,NA
"1071",NA,NA
"1072",NA,NA
"1073",NA,NA
"1074",NA,NA
"1075",NA,NA
"1076",NA,NA
"1077",0.216621761100001,NA
"1078",0.136900132499999,NA
"1079",0.0730806681000047,NA
"1080",0.133637726200003,8.4826313067
"1081",0.265807159800005,6.8601731738
"1082",0.345837273699999,6.1324557196
"1083",0.356849133099992,4.0927932304
"1084",0.438501952200003,2.2802140536
"1085",0.13741255590001,1.1765618072
"1086",0.146760124199993,0.982705205699995
"1087",0.347522303300007,0.935898760200002
"1088",0.496812032199994,0.981612552400005
"1089",0.469916337600008,0.953901211199991
"1090",0.204450431799994,0.719080678499996
"1091",0.0769295498999973,0.659309155900006
"1092",0.113001082,0.751752363899994
"1093",0.274266561999994,0.827105768600005
"1094",0.461386534200003,0.530974272200005
"1095",0.458263274199997,0.405617099000001
"1096",0.480315596500006,0.351221280500001
"1097",0.513539330699999,0.0607114002000131
"1098",0.463827487399996,0.130332385000008
"1099",0.377383464499996,0.178130541499993
"1100",0.316387765900004,0.431195444100002
"1101",0.231734105699999,0.78373039170001
"1102",0.149198668299999,0.840746013699993
"1103",0.130734910200001,0.863561242000007
"1104",0.136278053299989,0.892659698399994
"1105",0.174138473399999,0.748716888000004
"1106",0.178627452600011,0.632080429799993
"1107",0.152196577399998,0.494701235300003
"1108",0.111113063600001,0.411632442700002
"1109",0.0734282263000026,0.338507958200006
"1110",0.0615975817999939,0.306720810999989
"1111",0.0508142754000005,0.266645727500006
"1112",0.0260553248999926,0.196831615600006
"1113",0.0194899668000055,0.151257774099994
"1114",0.0233789639999991,0.1255631304
"1115",0.0229553401000011,0.102608149199998
"1116",0.0310154227000012,0.0955734912999944
"1117",0.0426533743000022,0.0843355564000046
"1118",0.0513460046999974,0.0685397083000083
"1119",0.155300045100002,0.0970062661999869
"1120",0.128387388799993,0.131626161700005
"1121",0.17471657550001,0.243253328699994
"1122",0.251657127300003,0.377962058500001
"1123",0.190869425899994,0.409575090299999
"1124",0.326143951100008,0.402445749900005
"1125",0.527636270199999,0.374108442899997
"1126",0.623082727599996,0.436335375000008
"1127",0.807727231800012,0.463768173199995
"1128",0.377932084199987,0.399625842900003
"1129",0.226347668500011,0.475532016500003
"1130",0.0331810111999999,0.43465506419999
"1131",0.0292422807999984,0.385181709200008
"1132",0.130814082100006,0.484836542499998
"1133",0.221469458799998,0.425276254399996
"1134",0.272457579500006,0.283492456999999
"1135",0.295637777300005,0.393107931099996
"1136",0.2961515523,0.186190646800004
"1137",0.290797449299991,0.1564104987
"1138",0.266195670399998,0.1629238674
"1139",0.21783815340001,0.191102232399995
"1140",0.189262878499999,0.202455903099999
"1141",0.122751388000001,0.519750249399996
"1142",0.115169512299989,0.740304608099994
"1143",0.365622650500001,2.6872354542
"1144",0.449508047899997,NA
"1145",0.324634826200011,NA
"1146",0.241794945899997,NA
"1147",1.03181292599999,6.7541192453
"1148",0.392513636300006,NA
"1149",0.242595115699999,NA
"1150",0.211686305399997,NA
"1151",0.520649407800001,5.5916766146
"1152",0.568568126600006,3.1437007471
"1153",0.672379010599998,1.8516234515
"1154",0.633117331300005,1.1914109947
"1155",0.678818538200005,0.971110112300009
"1156",0.715565195600004,0.787605320199988
"1157",0.744671659700002,0.697285781700003
"1158",0.650039834599994,0.857064921100005
"1159",0.580648471900004,0.689482577199998
"1160",0.529728357500005,0.558119442700001
"1161",0.547017429299997,0.853998450600002
"1162",0.489738686900001,0.536765366899996
"1163",0.434073502599992,0.554327512199997
"1164",0.398724773119998,0.461227512200006
"1165",0.34631629014001,0.32043593
"1166",0.346446072949993,0.222702194899995
"1167",0.318003100770007,0.266496329299997
"1168",0.309520643159992,0.0391432318000025
"1169",0.267648957480009,0.267919165
"1170",0.26051146468,0.557821229899998
"1171",0.221299113349989,0.867084243799999
"1172",0.180594677000002,0.909502337800003
"1173",0.134411133250005,0.938923577100002
"1174",0.0986736021299937,0.8911434537
"1175",0.0648546281800098,0.838200282599995
"1176",0.0847301457599983,0.723761735900005
"1177",0.220762040680004,0.5822604085
"1178",0.268503001229991,0.466349739399993
"1179",0.292943738900002,0.3410064335
"1180",0.27515077757001,0.256293250600004
"1181",0.272488910209994,0.193109559799995
"1182",0.261406832529994,0.130994988700007
"1183",0.260615085590004,0.103127062099993
"1184",0.268671252110003,0.0402982937999994
"1185",0.304352739730003,0.224124274499991
"1186",0.680706094499994,0.41466590200001
"1187",0.318777645500006,0.584573306500003
"1188",0.568873232699998,0.723138159599996
"1189",0.617736316199991,0.724702286299996
"1190",0.719464882100002,0.5743271224
"1191",0.751112464100002,0.554736631500004
"1192",1.0631223701,0.710338487399991
"1193",1.3110052042,0.973987646600005
"1194",1.2214078447,0.946223239499998
"1195",0.941591875299999,0.724030523200005
"1196",NA,0.352892324899999
"1197",NA,0.230001718799993
"1198",NA,0.370495521100001
"1199",NA,0.291982631700002
"1200",NA,0.333692484899998
"1201",NA,0.294520276
"1202",NA,0.233131703000005
"1203",0.281196248299992,0.256566001199992
"1204",0.223270887100004,0.193718038300013
"1205",0.162675514600007,0.2269276239
"1206",0.136215694399986,1.02414177289999
"1207",0.115254792900004,1.0048544147
"1208",0.0771411317000101,0.970478123900016
"1209",0.0720664923000029,0.408719999399999
"1210",0.0739454456000033,0.164491226399999
"1211",0.0871576669999961,0.0320916282999946
"1212",0.246258905900003,0.129500904399993
"1213",0.278064974800003,0.258215892400006
"1214",0.340726955199997,0.346751414500002
"1215",0.312553625700005,0.323610458500006
"1216",0.18387270989999,0.324789564699994
"1217",0.112996351900012,0.376824677600002
"1218",0.120720480599999,0.345161751999999
"1219",0.251727219900012,0.578317880699998
"1220",0.398111011599994,0.357204671000002
"1221",0.405343765499996,0.100573283100001
"1222",0.455721083099998,0.129128600899996
"1223",0.455141440400002,0.202214421700003
"1224",0.388120659000005,0.202646655300004
"1225",0.351468613999995,0.210416634299992
"1226",0.290662595400004,0.256495985000004
"1227",0.241918663099995,0.424361612200006
"1228",0.199919945800001,0.409995628799994
"1229",0.202911269999994,0.460991069599995
"1230",0.225681163699992,0.570982013600009
"1231",0.265716353900004,0.549784875899995
"1232",0.274127828300006,0.533125185099994
"1233",0.268993017999996,0.50838292650001
"1234",0.269835405900002,0.545226397199993
"1235",0.282581867699992,0.537411243399999
"1236",0.286359088900005,0.656259982800011
"1237",0.291248386800003,0.563572581699997
"1238",0.341093846199996,0.506731749799991
"1239",0.346443006800001,0.47414399830001
"1240",0.303226215000006,0.424244490699996
"1241",0.241984994899997,0.382186415699993
"1242",0.0709036578999882,0.383264734700003
"1243",0.226950096600007,0.315695281400005
"1244",0.391174655000002,0.257773891999999
"1245",0.787016906799998,0.187096115699994
"1246",0.824057475900002,0.148476989800006
"1247",0.61013243999999,0.116170422100007
"1248",0.540330940699995,0.0695889955999984
"1249",0.427259527000004,0.0748109643000081
"1250",0.337318042399993,0.135788396999994
"1251",0.236725214100009,0.280949967500002
"1252",0.206889871999994,0.300579895899997
"1253",0.464242519399999,0.348031476000008
"1254",0.208768019200001,0.475776678599999
"1255",0.624484201199998,0.558673307599992
"1256",0.451818377000002,0.658033175800005
"1257",0.216754016600003,0.834949084699996
"1258",0.23578773700001,1.14292787530001
"1259",0.37398207659999,0.926996268899991
"1260",0.332687300100009,0.817091027200011
"1261",0.387439524199994,0.787885030399989
"1262",0.362431259500003,0.547037786600001
"1263",0.360406725099999,0.466293009800012
"1264",0.231760240299998,0.30967519939999
"1265",1.0440716658,0.205847635400001
"1266",NA,0.151685602099995
"1267",NA,0.142219798300001
"1268",NA,0.105652406000008
"1269",NA,0.0362235437999949
"1270",NA,0.0463482971999944
"1271",0.512936695900006,0.187105765000005
"1272",0.332669402000004,0.614031167800007
"1273",0.186061022499999,2.3206530015
"1274",0.103021984199994,1.4344577768
"1275",0.0701607239999973,1.03012567659999
"1276",0.0614351362000001,0.855330221300008
"1277",0.0688037465999933,0.244428827900002
"1278",0.0965621048000003,0.499645203400011
"1279",0.157122222400005,0.774049497300002
"1280",0.587743350399997,0.945657292099998
"1281",0.475869574399997,0.970320125000001
"1282",0.539318765899999,0.763901197299992
"1283",0.523226593600011,0.655734326700005
"1284",0.524693743599997,0.364916629799994
"1285",0.399798919499997,0.177179834
"1286",0.169742043000003,0.142201848099999
"1287",0.088831340699997,0.376074642100006
"1288",0.203263867300006,0.350827781599998
"1289",0.230816341800004,0.1759128394
"1290",0.254611895499995,0.141232291999998
"1291",0.195455495800005,0.1221479206
"1292",0.1291849652,0.0740048954999946
"1293",0.0680998554000034,0.165846840200008
"1294",0.133309482599991,0.295816324599995
"1295",0.0908446338000068,0.376618360500002
"1296",0.0477509081000065,0.517546862400003
"1297",0.116828813099996,0.8134201666
"1298",0.160555981499993,0.872821666899993
"1299",0.211799222300005,0.988855346100008
"1300",0.189413387000005,0.955639162399997
"1301",0.149159604799991,0.833663825999999
"1302",0.15128675870001,0.747248385100004
"1303",0.115158278799992,0.613542165299995
"1304",0.0835031237000052,0.504150961800004
"1305",0.0663896437999973,0.429802120000002
"1306",0.0671643759999938,0.381136477199997
"1307",0.0789190376000057,0.328169210399995
"1308",0.0767088161000054,0.262746699299999
"1309",0.0557820277000047,0.204438694000011
"1310",0.077883930499997,0.156735125199999
"1311",0.120663115300001,0.116603671399991
"1312",0.168249912200007,0.102789572600003
"1313",0.200764668799998,0.0791246409999964
"1314",0.167952571899992,0.0507956674000045
"1315",0.145167307599998,0.0250912502999938
"1316",0.152794724500001,0.164513013200009
"1317",0.115673478799994,0.266444778300002
"1318",0.122594256999992,0.311294145799991
"1319",0.105706971899998,0.395908364699999
"1320",0.507031547400008,0.46101070640001
"1321",0.440369845000006,0.532629032099987
"1322",0.228420172099991,0.718263805000014
"1323",0.0611057092000067,0.566101140499988
"1324",0.158466199100008,0.820478264800004
"1325",0.108456932799999,1.21487007980001
"1326",0.161657909500004,1.10556142889999
"1327",0.195367959100004,1.0551478709
"1328",0.101281584199999,1.08149109650001
"1329",0.129171892000013,0.870667713700005
"1330",0.148504956899998,0.755890932899991
"1331",0.227124124699998,0.576499392199999
"1332",0.255187879800001,0.308671383300009
"1333",0.267090220399997,0.375007960599993
"1334",NA,0.375741471399998
"1335",NA,0.267929256000002
"1336",NA,0.135302658900009
"1337",0.410859247800005,0.256104515499999
"1338",NA,0.352250225600006
"1339",NA,NA
"1340",NA,NA
"1341",NA,NA
"1342",0.0393474198999861,29.261368429
"1343",0.0531975837999923,19.8050096566
"1344",0.0997760597000052,NA
"1345",0.142304243600002,NA
"1346",0.292945901399992,5.24836108380001
"1347",0.411571484299998,7.72683694960001
"1348",0.4568603548,7.6582159413
"1349",0.454041336000003,5.8209101876
"1350",0.424409741200002,4.14414846129999
"1351",0.410312463899999,3.1412619443
"1352",0.0633200316999947,2.5197866892
"1353",0.187329545800004,2.1803399575
"1354",0.288140226899998,1.73533703610001
"1355",0.44104877860001,1.0885562635
"1356",0.388934773099994,0.572102157099998
"1357",0.189111213000004,0.492195487099998
"1358",0.159885105600008,0.308923269000005
"1359",0.207768499700006,0.381218314699996
"1360",0.337366173999996,0.357651293700005
"1361",0.350103589500002,0.394996562399996
"1362",0.290902373099993,0.175519159500002
"1363",0.281710807600007,0.235558217400008
"1364",0.262643451999995,0.225761723399994
"1365",0.277827151399993,0.444437511199997
"1366",0.256200814100001,0.682474294599999
"1367",0.216070721400008,0.749864576500002
"1368",0.157619940399996,0.795779460400006
"1369",0.0423215331000009,0.825006032799994
"1370",0.0520605804999938,0.99772321990001
"1371",0.0713408877000106,1.16135077749999
"1372",0.0862074210999992,0.990162416500009
"1373",0.0890671981999915,0.773076109699998
"1374",0.0932819307000088,0.655647489899998
"1375",0.0877455312999942,0.533276391500006
"1376",0.0441998566000024,0.438974874199998
"1377",0.0983737590000082,0.354085668300002
"1378",0.225259511399994,0.288853002299991
"1379",0.271082529099999,0.246059624999997
"1380",0.411972636500003,0.203593931200002
"1381",0.363183518999989,0.165895649600003
"1382",0.337128400600005,0.102523744200001
"1383",0.29293664650001,0.194288182999992
"1384",0.241595772799993,0.3196892552
"1385",0.216569946399993,0.405363581200008
"1386",0.2585958853,0.367837278200001
"1387",0.17832605880001,0.488965045299992
"1388",0.112921526499992,0.953701491500009
"1389",0.175906840100005,1.1613947193
"1390",0.0927209112999954,1.41815938349999
"1391",0.301481986799995,1.59024696210001
"1392",0.130615305899997,1.52771269779999
"1393",0.179892000700001,1.5820343279
"1394",0.265436701999992,1.23308715440001
"1395",0.287552255300007,1.011700799
"1396",0.343095609299997,1.00331321259999
"1397",0.369868026800003,0.69875732420001
"1398",0.209372662700002,0.450105008699992
"1399",0.239450815200001,0.389052845500007
"1400",NA,0.174732074399998
"1401",NA,0.0282461763000121
"1402",NA,0.104062638599995
"1403",NA,0.242244359399994
"1404",NA,0.619398693600001
"1405",NA,0.596290427600007
"1406",0.296317036400007,0.657013333299993
"1407",0.243224286500006,NA
"1408",0.1096026303,NA
"1409",0.395374156199995,1.74189565590001
"1410",0.560197657200002,1.6541571844
"1411",0.685467564200001,1.4724005127
"1412",0.943790196400002,0.791722267799997
"1413",1.0104803354,0.378018428600001
"1414",0.902755232599993,0.291116469600006
"1415",0.897154384299998,0.309766205699997
"1416",1.00124747710001,0.336672331499997
"1417",0.461836488400007,0.4175898401
"1418",0.508366551900011,0.49253136650001
"1419",0.763736759099992,0.670203323699997
"1420",0.802650869100006,0.728211727799998
"1421",0.627304771099997,0.819256950299998
"1422",0.417083332799997,1.0554205592
"1423",0.186769197499995,0.921551709599992
"1424",0.220701503700003,0.832421044800004
"1425",0.567234355099991,0.829039452799996
"1426",0.748282637100001,0.635270286400008
"1427",0.842608302899997,0.524060102300002
"1428",0.886877616900012,0.334025348299996
"1429",0.918590111599997,0.2503647827
"1430",0.865834277299996,0.1974811071
"1431",0.677588155200002,0.30240565030001
"1432",0.522288997000004,0.549798591799991
"1433",0.422402194799998,0.597474402700009
"1434",0.382432353800002,0.718706105499994
"1435",0.292231152199996,0.783348971800002
"1436",0.211508427499998,0.907379522400003
"1437",0.121930189699997,0.852035477899992
"1438",0.0692910507000004,0.863148747500002
"1439",0.0507909269999978,0.809180292899999
"1440",0.0997204833000076,0.725231016300006
"1441",0.105963987300003,0.711284578900001
"1442",0.120125441399995,0.710525973399996
"1443",0.140699989399996,0.629689255399995
"1444",0.150193854999999,0.581294647800009
"1445",0.2092601059,0.492295654199992
"1446",0.277667258700008,0.419600569500011
"1447",0.395384588000002,0.359462396899994
"1448",0.425720700700007,0.280644526600005
"1449",0.439994504500001,0.192322604199997
"1450",0.4583069133,0.127727162900007
"1451",0.492141175099992,0.177046403000004
"1452",0.531366210399998,0.221257327799995
"1453",0.620203256500009,0.265126276800004
"1454",0.593426849099991,0.33435689759999
"1455",0.521599673200004,0.521967777
"1456",0.331576585800001,0.762201990000007
"1457",0.279067149600003,0.941126387099997
"1458",0.149597046199993,1.1729463348
"1459",0.32001810889999,0.976992490200001
"1460",0.275047151200013,1.05427585100001
"1461",0.456271122100013,0.900320528099993
"1462",0.616794950199996,0.612492458700006
"1463",0.816286644400002,0.515357905899997
"1464",1.4934675692,0.302683872600008
"1465",1.5999874813,0.320195339999991
"1466",1.00415981050001,0.381813275900003
"1467",NA,0.507472247499994
"1468",NA,0.533325781199999
"1469",NA,0.747672451299994
"1470",NA,1.34961800830001
"1471",NA,NA
"1472",NA,NA
"1473",NA,1.5890299424
"1474",0.0807210837999968,0.985834146899995
"1475",0.31604432020001,2.99662133379999
"1476",0.439842580299995,NA
"1477",0.495711516499995,NA
"1478",0.43762925450001,3.3705749809
"1479",0.35145799419999,1.69928612020001
"1480",0.327194459499996,0.759135167999993
"1481",0.373952936299993,0.0779265451999933
"1482",0.3625811707,0.268687014499999
"1483",0.352610950199992,0.632797811100001
"1484",0.704413687500004,1.07534596150001
"1485",0.584436778999997,1.23235829859999
"1486",0.466535945199997,1.0897962371
"1487",0.357825099799999,0.30204926049999
"1488",0.304240125700005,0.310062727100004
"1489",0.246509620200001,0.3622756009
"1490",0.223288018499989,0.354508689599996
"1491",0.229469219599995,0.426511565499997
"1492",0.3058451711,0.383906162800002
"1493",0.303713602100004,0.442177396000005
"1494",0.354249262399996,0.316895065599994
"1495",0.397016933799996,0.170436254100004
"1496",0.528656447400007,0.162810418599999
"1497",0.605268884099999,0.115229504800002
"1498",0.598177244499997,0.255725982999998
"1499",0.657520634100006,0.561193743099995
